"Lyrics";"Album";"Location";"Downloads"
"150 Sala Hai Mela Nirala Hai";"Satram Naam Ko Sathi Banalo";"./Lyrics/Satram Naam Ko Sathi Banalo/150 Sala Hai Mela Nirala Hai.jpg";"35"
"150 Sala Melo Sain Jo Aayo Aa";"150 Saal Sache Sain De Naal-II";"./Lyrics/150 Saal Sache Sain De Naal-II/150 Sala Melo Sain Jo Aayo Aa.jpg";"36"
"150 Sala Sache De Nala Sesquicentennial Birthday Celebration";"Tuhinja Aahyun Tuhinjo Dar Kiyen Chhade Sain Vendase";"./Lyrics/Tuhinja Aahyun Tuhinjo Dar Kiyen Chhade Sain Vendase/150 Sala Sache De Nala Sesquicentennial Birthday Celebration.jpg";"56"
"Aa Hali Kanwarram Moti";"Bhagwan Rahta Raharki Me";"./Lyrics/Bhagwan Rahta Raharki Me/Aa Hali Kanwarram Moti.jpg";"29"
"Aahe Aahe Sain Kanhaiyalal";"Bhagwan Rahta Raharki Me";"./Lyrics/Bhagwan Rahta Raharki Me/Aahe Aahe Sain Kanhaiyalal.jpg";"29"
"Aahyun Tuhinja Sain Tuhinjo Dar Na Chhadbo";"132 Sala Jashan e Melo";"./Lyrics/132 Sala Jashan e Melo/Aahyun Tuhinja Sain Tuhinjo Dar Na Chhadbo.jpg";"90"
"Aao Raharki Sahib Ki Shaan Suno";"Bhajans 2016-II";"./Lyrics/Bhajans 2016-II/Aao Raharki Sahib Ki Shaan Suno.jpg";"33"
"Aarti Sahib (Hindi) 01";"Aarti Sahib (Hindi)";"./Lyrics/Aarti Sahib (Hindi)/Aarti Sahib (Hindi) 01.jpg";"14"
"Aarti Sahib (Hindi) 02";"Aarti Sahib (Hindi)";"./Lyrics/Aarti Sahib (Hindi)/Aarti Sahib (Hindi) 02.jpg";"17"
"Aarti Sahib 01";"Aarti Sahib";"./Lyrics/Aarti Sahib/Aarti Sahib 01.jpg";"89"
"Aarti Sahib 02";"Aarti Sahib";"./Lyrics/Aarti Sahib/Aarti Sahib 02.jpg";"80"
"Aarti Sahib.pdf";"Aarti Sahib (pdf)";"./Lyrics/Aarti Sahib (pdf)";"10"
"Aayi Aa Aayi Aa Guru Sharan Aayi Aa Chaliyo Aayo Aa";"Bhajans 2016-II";"./Lyrics/Bhajans 2016-II/Aayi Aa Aayi Aa Guru Sharan Aayi Aa Chaliyo Aayo Aa.jpg";"37"
"Aayi Warsi Sahib Achi Shewa Karo Sab Pyara";"Bhajans 2017-I";"./Lyrics/Bhajans 2017-I/Aayi Warsi Sahib Achi Shewa Karo Sab Pyara.jpg";"23"
"Aayo Daharki Me Ram Raharki Jo Aa";"150 Saal Sache Sain De Naal-II";"./Lyrics/150 Saal Sache Sain De Naal-II/Aayo Daharki Me Ram Raharki Jo Aa.jpg";"32"
"Aayo Khushiyan Jo Dinh Pyara";"Mela Sahib 131 (Amar Shahid Sant Kanwarram Sahib)";"./Lyrics/Mela Sahib 131 (Amar Shahid Sant Kanwarram Sahib)/Aayo Khushiyan Jo Dinh Pyara.jpg";"28"
"Aayo Melo Aayo Satram Jo Aa Jashan Melo Muhinje Ram Jo Aa";"Tuhinja Aahyun Tuhinjo Dar Kiyen Chhade Sain Vendase";"./Lyrics/Tuhinja Aahyun Tuhinjo Dar Kiyen Chhade Sain Vendase/Aayo Melo Aayo Satram Jo Aa Jashan Melo Muhinje Ram Jo Aa.jpg";"60"
"Achi Ada Raharki Me Tu";"132 Sala Jashan e Melo";"./Lyrics/132 Sala Jashan e Melo/Achi Ada Raharki Me Tu.jpg";"66"
"Ada Munkhe Dewari Ware Ji Ot Aa";"Miscellaneous";"./Lyrics/Miscellaneous/Ada Munkhe Dewari Ware Ji Ot Aa.jpg";"42"
"Agar Ishwar Se Milna Hai Pyare";"150 Saal Sache Sain De Naal";"./Lyrics/150 Saal Sache Sain De Naal/Agar Ishwar Se Milna Hai Pyare.jpg";"44"
"Ahedo muhinjo Sain Aa Sacho";"Asan Jiyara Jesin Rahandase Tuhinji Raharki Kon Chhadindase";"./Lyrics/Asan Jiyara Jesin Rahandase Tuhinji Raharki Kon Chhadindase/Ahedo muhinjo Sain Aa Sacho.jpg";"28"
"Aj Sai Wispat Ji Raat Aahe Raharki Me Rahemat Ji barsat Aahe";"Wah Wah Nana Tuhinja Khazana";"./Lyrics/Wah Wah Nana Tuhinja Khazana/Aj Sai Wispat Ji Raat Aahe Raharki Me Rahemat Ji barsat Aahe.jpg";"17"
"Akhand Dhuni Sahib (Hindi).pdf";"Akhand Dhuni Sahib (Hindi) (pdf)";"./Lyrics/Akhand Dhuni Sahib (Hindi) (pdf)";"0"
"Akhand Dhuni Sahib.pdf";"Akhand Dhuni Sahib (pdf)";"./Lyrics/Akhand Dhuni Sahib (pdf)";"7"
"Akhdin Saan Sache Sain Ji Dewari Ma Chuman";"Wah Wah Nana Tuhinja Khazana";"./Lyrics/Wah Wah Nana Tuhinja Khazana/Akhdin Saan Sache Sain Ji Dewari Ma Chuman.jpg";"19"
"Ardas Sahib (Hindi) 01";"Ardas Sahib (Hindi)";"./Lyrics/Ardas Sahib (Hindi)/Ardas Sahib (Hindi) 01.jpg";"13"
"Ardas Sahib (Hindi) 02";"Ardas Sahib (Hindi)";"./Lyrics/Ardas Sahib (Hindi)/Ardas Sahib (Hindi) 02.jpg";"11"
"Ardas Sahib (Hindi) 03";"Ardas Sahib (Hindi)";"./Lyrics/Ardas Sahib (Hindi)/Ardas Sahib (Hindi) 03.jpg";"11"
"Ardas Sahib (Hindi) 04";"Ardas Sahib (Hindi)";"./Lyrics/Ardas Sahib (Hindi)/Ardas Sahib (Hindi) 04.jpg";"12"
"Ardas Sahib (Hindi) 05";"Ardas Sahib (Hindi)";"./Lyrics/Ardas Sahib (Hindi)/Ardas Sahib (Hindi) 05.jpg";"12"
"Ardas Sahib (Hindi) 06";"Ardas Sahib (Hindi)";"./Lyrics/Ardas Sahib (Hindi)/Ardas Sahib (Hindi) 06.jpg";"10"
"Ardas Sahib 01";"Ardas Sahib";"./Lyrics/Ardas Sahib/Ardas Sahib 01.jpg";"32"
"Ardas Sahib 02";"Ardas Sahib";"./Lyrics/Ardas Sahib/Ardas Sahib 02.jpg";"31"
"Ardas Sahib 03";"Ardas Sahib";"./Lyrics/Ardas Sahib/Ardas Sahib 03.jpg";"31"
"Ardas Sahib 04";"Ardas Sahib";"./Lyrics/Ardas Sahib/Ardas Sahib 04.jpg";"46"
"Ardas Sahib 05";"Ardas Sahib";"./Lyrics/Ardas Sahib/Ardas Sahib 05.jpg";"33"
"Ardas Sahib 06";"Ardas Sahib";"./Lyrics/Ardas Sahib/Ardas Sahib 06.jpg";"39"
"Ardas Sahib-I.pdf";"Ardas Sahib (pdf)";"./Lyrics/Ardas Sahib (pdf)";"8"
"Ardas Sahib.pdf";"Ardas Sahib (pdf)";"./Lyrics/Ardas Sahib (pdf)";"9"
"Arsho Pe Jiski Shaan Hai Farsho Pe Maan Hai";"Bhajans 2017-I";"./Lyrics/Bhajans 2017-I/Arsho Pe Jiski Shaan Hai Farsho Pe Maan Hai.jpg";"23"
"Asan Jiyara Jesin Rahandase Tuhinji Raharki Kon Chhadindase";"Asan Jiyara Jesin Rahandase Tuhinji Raharki Kon Chhadindase";"./Lyrics/Asan Jiyara Jesin Rahandase Tuhinji Raharki Kon Chhadindase/Asan Jiyara Jesin Rahandase Tuhinji Raharki Kon Chhadindase.jpg";"49"
"Asan Shewkan Jo Nana Tote Nang Aa";"SSD Sunny Balani";"./Lyrics/SSD Sunny Balani/Asan Shewkan Jo Nana Tote Nang Aa.jpg";"50"
"Asanjo Vaar Vingo Na Thindo Aahyun Satram Je Bere Me";"Wah Wah Nana Tuhinja Khazana";"./Lyrics/Wah Wah Nana Tuhinja Khazana/Asanjo Vaar Vingo Na Thindo Aahyun Satram Je Bere Me.jpg";"30"
"Avhan Ja Premi Hazaren Aahen";"Avhan Ja Premi Hazaren Aahen";"./Lyrics/Avhan Ja Premi Hazaren Aahen/Avhan Ja Premi Hazaren Aahen.jpg";"58"
"Bhagan Waliyon Naam Japo Satram";"Bhajans 2016-II";"./Lyrics/Bhajans 2016-II/Bhagan Waliyon Naam Japo Satram.jpg";"27"
"Bhagat Kanwarram Kurb Me";"Bhajans 2017-II";"./Lyrics/Bhajans 2017-II/Bhagat Kanwarram Kurb Me.jpg";"22"
"Bhagwan Rahata Raharki Me";"Bhagwan Rahta Raharki Me";"./Lyrics/Bhagwan Rahta Raharki Me/Bhagwan Rahata Raharki Me.jpg";"26"
"Bhalayun Wadhayo";"Satram Naam Ko Sathi Banalo";"./Lyrics/Satram Naam Ko Sathi Banalo/Bhalayun Wadhayo.jpg";"26"
"Bhali Trafic Kedi Jam Huje";"Tuhinja Aahyun Tuhinjo Dar Kiyen Chhade Sain Vendase";"./Lyrics/Tuhinja Aahyun Tuhinjo Dar Kiyen Chhade Sain Vendase/Bhali Trafic Kedi Jam Huje.jpg";"38"
"Bhare Jholi Sacho Sain Dindo Aahe";"Bhajans 2016-II";"./Lyrics/Bhajans 2016-II/Bhare Jholi Sacho Sain Dindo Aahe.jpg";"33"
"Bitho Aahyan Jhale Jhol Ma Sain Tuhinje Dar Te";"Bhajans 2016-II";"./Lyrics/Bhajans 2016-II/Bitho Aahyan Jhale Jhol Ma Sain Tuhinje Dar Te.jpg";"33"
"Biya Dar Sabhayi Visri Vaya";"Tuhinja Hindh Sindh Me Paya Gunjan Nara";"./Lyrics/Tuhinja Hindh Sindh Me Paya Gunjan Nara/Biya Dar Sabhayi Visri Vaya.jpg";"31"
"Bol Pyara Bol Pyara Sacho Satram Tu Bol Pyara";"Hal Premi Hal Mele Te Tu Hal Suhine Sain Kanwarram Je";"./Lyrics/Hal Premi Hal Mele Te Tu Hal Suhine Sain Kanwarram Je/Bol Pyara Bol Pyara Sacho Satram Tu Bol Pyara.jpg";"11"
"Chal Malanga Raharki Dware Chal";"Ihe Mela Naseeban Ja Athayi Mela Sache Sain Ja";"./Lyrics/Ihe Mela Naseeban Ja Athayi Mela Sache Sain Ja/Chal Malanga Raharki Dware Chal.jpg";"21"
"Chalo Re Chalo Raharki Chalo Re Chalo";"Chalo Re Chalo Raharki Chalo Re Chalo";"./Lyrics/Chalo Re Chalo Raharki Chalo Re Chalo/Chalo Re Chalo Raharki Chalo Re Chalo.jpg";"24"
"Chher Paye Raharki Me Kanwar Piyo Nachando Wadhe";"Main Sache Sain De Lad Lagiyan Mere To Gum Pare Rahende";"./Lyrics/Main Sache Sain De Lad Lagiyan Mere To Gum Pare Rahende/Chher Paye Raharki Me Kanwar Piyo Nachando Wadhe.jpg";"28"
"Dar Te Sawali Ma Kanwar Aayo Aahyan";"Bhagwan Rahta Raharki Me";"./Lyrics/Bhagwan Rahta Raharki Me/Dar Te Sawali Ma Kanwar Aayo Aahyan.jpg";"28"
"Dard Dilo Ke Kam Ho Jate Sain Mere Jab India Hai Aate";"Bhajans 2017-III";"./Lyrics/Bhajans 2017-III/Dard Dilo Ke Kam Ho Jate Sain Mere Jab India Hai Aate.jpg";"44"
"Dham Ditha Munh Khod Hin Dil Thare Chhadi Aa";"Dham Ditha Munh Khod Hin Dil Thare Chhadi Aa";"./Lyrics/Dham Ditha Munh Khod Hin Dil Thare Chhadi Aa/Dham Ditha Munh Khod Hin Dil Thare Chhadi Aa.jpg";"27"
"Dhan Dhan Baba Khotaram";"Bhajans 2016-I";"./Lyrics/Bhajans 2016-I/Dhan Dhan Baba Khotaram.jpg";"38"
"Dharti Sari Khe Kagaz Kare Samundra Sare Khe Siyahi Kayan";"Dulho Sabhin Ja Thahindo Naseeb Aa";"./Lyrics/Dulho Sabhin Ja Thahindo Naseeb Aa/Dharti Sari Khe Kagaz Kare Samundra Sare Khe Siyahi Kayan.jpg";"8"
"Dhuni Sahib (Hindi) 0";"Akhand Dhuni Sahib (Hindi)";"./Lyrics/Akhand Dhuni Sahib (Hindi)/Dhuni Sahib (Hindi) 0.jpg";"20"
"Dhuni Sahib (Hindi) 00";"Akhand Dhuni Sahib (Hindi)";"./Lyrics/Akhand Dhuni Sahib (Hindi)/Dhuni Sahib (Hindi) 00.jpg";"21"
"Dhuni Sahib (Hindi) 01";"Akhand Dhuni Sahib (Hindi)";"./Lyrics/Akhand Dhuni Sahib (Hindi)/Dhuni Sahib (Hindi) 01.jpg";"23"
"Dhuni Sahib (Hindi) 02";"Akhand Dhuni Sahib (Hindi)";"./Lyrics/Akhand Dhuni Sahib (Hindi)/Dhuni Sahib (Hindi) 02.jpg";"21"
"Dhuni Sahib (Hindi) 03";"Akhand Dhuni Sahib (Hindi)";"./Lyrics/Akhand Dhuni Sahib (Hindi)/Dhuni Sahib (Hindi) 03.jpg";"21"
"Dhuni Sahib (Hindi) 04";"Akhand Dhuni Sahib (Hindi)";"./Lyrics/Akhand Dhuni Sahib (Hindi)/Dhuni Sahib (Hindi) 04.jpg";"19"
"Dhuni Sahib (Hindi) 05";"Akhand Dhuni Sahib (Hindi)";"./Lyrics/Akhand Dhuni Sahib (Hindi)/Dhuni Sahib (Hindi) 05.jpg";"19"
"Dhuni Sahib (Hindi) 06";"Akhand Dhuni Sahib (Hindi)";"./Lyrics/Akhand Dhuni Sahib (Hindi)/Dhuni Sahib (Hindi) 06.jpg";"20"
"Dhuni Sahib (Hindi) 07";"Akhand Dhuni Sahib (Hindi)";"./Lyrics/Akhand Dhuni Sahib (Hindi)/Dhuni Sahib (Hindi) 07.jpg";"19"
"Dhuni Sahib (Hindi) 08";"Akhand Dhuni Sahib (Hindi)";"./Lyrics/Akhand Dhuni Sahib (Hindi)/Dhuni Sahib (Hindi) 08.jpg";"19"
"Dhuni Sahib (Hindi) 09";"Akhand Dhuni Sahib (Hindi)";"./Lyrics/Akhand Dhuni Sahib (Hindi)/Dhuni Sahib (Hindi) 09.jpg";"16"
"Dhuni Sahib (Hindi) 10";"Akhand Dhuni Sahib (Hindi)";"./Lyrics/Akhand Dhuni Sahib (Hindi)/Dhuni Sahib (Hindi) 10.jpg";"16"
"Dhuni Sahib (Hindi) 11";"Akhand Dhuni Sahib (Hindi)";"./Lyrics/Akhand Dhuni Sahib (Hindi)/Dhuni Sahib (Hindi) 11.jpg";"16"
"Dhuni Sahib (Hindi) 12";"Akhand Dhuni Sahib (Hindi)";"./Lyrics/Akhand Dhuni Sahib (Hindi)/Dhuni Sahib (Hindi) 12.jpg";"16"
"Dhuni Sahib (Hindi) 13";"Akhand Dhuni Sahib (Hindi)";"./Lyrics/Akhand Dhuni Sahib (Hindi)/Dhuni Sahib (Hindi) 13.jpg";"16"
"Dhuni Sahib (Hindi) 14";"Akhand Dhuni Sahib (Hindi)";"./Lyrics/Akhand Dhuni Sahib (Hindi)/Dhuni Sahib (Hindi) 14.jpg";"18"
"Dhuni Sahib (Hindi) 15";"Akhand Dhuni Sahib (Hindi)";"./Lyrics/Akhand Dhuni Sahib (Hindi)/Dhuni Sahib (Hindi) 15.jpg";"18"
"Dhuni Sahib (Hindi) 16";"Akhand Dhuni Sahib (Hindi)";"./Lyrics/Akhand Dhuni Sahib (Hindi)/Dhuni Sahib (Hindi) 16.jpg";"18"
"Dhuni Sahib 0";"Akhand Dhuni Sahib";"./Lyrics/Akhand Dhuni Sahib/Dhuni Sahib 0.jpg";"77"
"Dhuni Sahib 00";"Akhand Dhuni Sahib";"./Lyrics/Akhand Dhuni Sahib/Dhuni Sahib 00.jpg";"59"
"Dhuni Sahib 01";"Akhand Dhuni Sahib";"./Lyrics/Akhand Dhuni Sahib/Dhuni Sahib 01.jpg";"79"
"Dhuni Sahib 02";"Akhand Dhuni Sahib";"./Lyrics/Akhand Dhuni Sahib/Dhuni Sahib 02.jpg";"69"
"Dhuni Sahib 03";"Akhand Dhuni Sahib";"./Lyrics/Akhand Dhuni Sahib/Dhuni Sahib 03.jpg";"68"
"Dhuni Sahib 04";"Akhand Dhuni Sahib";"./Lyrics/Akhand Dhuni Sahib/Dhuni Sahib 04.jpg";"89"
"Dhuni Sahib 05";"Akhand Dhuni Sahib";"./Lyrics/Akhand Dhuni Sahib/Dhuni Sahib 05.jpg";"64"
"Dhuni Sahib 06";"Akhand Dhuni Sahib";"./Lyrics/Akhand Dhuni Sahib/Dhuni Sahib 06.jpg";"68"
"Dhuni Sahib 07";"Akhand Dhuni Sahib";"./Lyrics/Akhand Dhuni Sahib/Dhuni Sahib 07.jpg";"67"
"Dhuni Sahib 08";"Akhand Dhuni Sahib";"./Lyrics/Akhand Dhuni Sahib/Dhuni Sahib 08.jpg";"67"
"Dhuni Sahib 09";"Akhand Dhuni Sahib";"./Lyrics/Akhand Dhuni Sahib/Dhuni Sahib 09.jpg";"59"
"Dhuni Sahib 10";"Akhand Dhuni Sahib";"./Lyrics/Akhand Dhuni Sahib/Dhuni Sahib 10.jpg";"56"
"Dhuni Sahib 11";"Akhand Dhuni Sahib";"./Lyrics/Akhand Dhuni Sahib/Dhuni Sahib 11.jpg";"56"
"Dhuni Sahib 12";"Akhand Dhuni Sahib";"./Lyrics/Akhand Dhuni Sahib/Dhuni Sahib 12.jpg";"55"
"Dhuni Sahib 13";"Akhand Dhuni Sahib";"./Lyrics/Akhand Dhuni Sahib/Dhuni Sahib 13.jpg";"57"
"Dhuni Sahib 14";"Akhand Dhuni Sahib";"./Lyrics/Akhand Dhuni Sahib/Dhuni Sahib 14.jpg";"58"
"Dhuni Sahib 15";"Akhand Dhuni Sahib";"./Lyrics/Akhand Dhuni Sahib/Dhuni Sahib 15.jpg";"60"
"Dhuni Sahib 16";"Akhand Dhuni Sahib";"./Lyrics/Akhand Dhuni Sahib/Dhuni Sahib 16.jpg";"58"
"Dhuni Sahib Payi Ache";"Satram Naam Ko Sathi Banalo";"./Lyrics/Satram Naam Ko Sathi Banalo/Dhuni Sahib Payi Ache.jpg";"26"
"Dhuni Sahib Thi Ache";"Tuhinja Aahyun Tuhinjo Dar Kiyen Chhade Sain Vendase";"./Lyrics/Tuhinja Aahyun Tuhinjo Dar Kiyen Chhade Sain Vendase/Dhuni Sahib Thi Ache.jpg";"43"
"Dhuni Satram Ji Lagaye Premi";"Bhajans 2017-I";"./Lyrics/Bhajans 2017-I/Dhuni Satram Ji Lagaye Premi.jpg";"30"
"Dhuni Satram Ji Padho Aa Warsi Nane Sain ji Aayi";"Dhuni Satram Ji Padho Aa Warsi Nane Sain ji Aayi";"./Lyrics/Dhuni Satram Ji Padho Aa Warsi Nane Sain ji Aayi/Dhuni Satram Ji Padho Aa Warsi Nane Sain ji Aayi.jpg";"16"
"Dinh Bhalaro Aa Bhagan Waro Aa";"132 Sala Jashan e Melo";"./Lyrics/132 Sala Jashan e Melo/Dinh Bhalaro Aa Bhagan Waro Aa.jpg";"53"
"Dulha Tuhinji Rahemat Ji Munh Haak Budhi Aahe Ghar Ghar";"Dhuni Satram Ji Padho Aa Warsi Nane Sain ji Aayi";"./Lyrics/Dhuni Satram Ji Padho Aa Warsi Nane Sain ji Aayi/Dulha Tuhinji Rahemat Ji Munh Haak Budhi Aahe Ghar Ghar.jpg";"9"
"Dulhe Ju Mauj Mastyun Aen Shaktyun Yaad Aahin";"Bhajans 2017-III";"./Lyrics/Bhajans 2017-III/Dulhe Ju Mauj Mastyun Aen Shaktyun Yaad Aahin.jpg";"19"
"Dulhe Sain Ji Aayi Salgirha";"Bhajans 2016-I";"./Lyrics/Bhajans 2016-I/Dulhe Sain Ji Aayi Salgirha.jpg";"22"
"Dulho Mast Aahe Jabardast Aahe";"Main Sache Sain De Lad Lagiyan Mere To Gum Pare Rahende";"./Lyrics/Main Sache Sain De Lad Lagiyan Mere To Gum Pare Rahende/Dulho Mast Aahe Jabardast Aahe.jpg";"20"
"Dulho Sabhin Ja Thahindo Naseeb Aa";"Dulho Sabhin Ja Thahindo Naseeb Aa";"./Lyrics/Dulho Sabhin Ja Thahindo Naseeb Aa/Dulho Sabhin Ja Thahindo Naseeb Aa.jpg";"8"
"Dulho Sain Aa Mast Mast Dulho Sain Aa Mast";"Asan Jiyara Jesin Rahandase Tuhinji Raharki Kon Chhadindase";"./Lyrics/Asan Jiyara Jesin Rahandase Tuhinji Raharki Kon Chhadindase/Dulho Sain Aa Mast Mast Dulho Sain Aa Mast.jpg";"47"
"Dulho Sain Aahe Darwesh Sain";"132 Sala Jashan e Melo-II";"./Lyrics/132 Sala Jashan e Melo-II/Dulho Sain Aahe Darwesh Sain.jpg";"49"
"Dulho Sain Darwesh Rangdari Aahe";"Dulho Sabhin Ja Thahindo Naseeb Aa";"./Lyrics/Dulho Sabhin Ja Thahindo Naseeb Aa/Dulho Sain Darwesh Rangdari Aahe.jpg";"8"
"Duniya Khe Chhad Visare Ach Raharki Sahib Dware";"Bhajans 2016-II";"./Lyrics/Bhajans 2016-II/Duniya Khe Chhad Visare Ach Raharki Sahib Dware.jpg";"29"
"Duniya Ne Mari Thokar Tune Sambhal Liya";"Hik Sacho Sain Huje Razi Poye Khatbi Ta Har Bazi";"./Lyrics/Hik Sacho Sain Huje Razi Poye Khatbi Ta Har Bazi/Duniya Ne Mari Thokar Tune Sambhal Liya.jpg";"15"
"Facebook Te Ditho Aa Whatsapp Te Budho Aa";"Tuhinja Aahyun Tuhinjo Dar Kiyen Chhade Sain Vendase";"./Lyrics/Tuhinja Aahyun Tuhinjo Dar Kiyen Chhade Sain Vendase/Facebook Te Ditho Aa Whatsapp Te Budho Aa.jpg";"45"
"Gale Me Paye Karo Dhago";"Hal Premi Hal Mele Te Tu Hal Suhine Sain Kanwarram Je";"./Lyrics/Hal Premi Hal Mele Te Tu Hal Suhine Sain Kanwarram Je/Gale Me Paye Karo Dhago.jpg";"6"
"Garhe Chole Wara Sain";"Bhajans 2016-I";"./Lyrics/Bhajans 2016-I/Garhe Chole Wara Sain.jpg";"29"
"Garho Cholo Pag Punal Ji";"Bhajans 2016-I";"./Lyrics/Bhajans 2016-I/Garho Cholo Pag Punal Ji.jpg";"53"
"Ghato Kadahen Na Milandui";"150 Saal Sache Sain De Naal";"./Lyrics/150 Saal Sache Sain De Naal/Ghato Kadahen Na Milandui.jpg";"38"
"Guru Bina Jag Me Aa Andhkaar";"Guru Bina Jag Me Aa Andhkaar";"./Lyrics/Guru Bina Jag Me Aa Andhkaar/Guru Bina Jag Me Aa Andhkaar.jpg";"22"
"Guru Dev Sacha sain";"Guru Bina Jag Me Aa Andhkaar";"./Lyrics/Guru Bina Jag Me Aa Andhkaar/Guru Dev Sacha sain.jpg";"23"
"Guru Ta Muhinjo Ahedo Faqeer Aa";"SSD Sunny Balani";"./Lyrics/SSD Sunny Balani/Guru Ta Muhinjo Ahedo Faqeer Aa.jpg";"41"
"Hal Premi Bhag Banaye";"Miscellaneous";"./Lyrics/Miscellaneous/Hal Premi Bhag Banaye.jpg";"26"
"Hale Shewa Halo Raharki";"Bhajans 2016-I";"./Lyrics/Bhajans 2016-I/Hale Shewa Halo Raharki.jpg";"43"
"Hale Shewa Payi Hale Hale";"132 Sala Jashan e Melo";"./Lyrics/132 Sala Jashan e Melo/Hale Shewa Payi Hale Hale.jpg";"53"
"Halo Halanda Halo Sab Premi";"Mela Sahib 131 (Amar Shahid Sant Kanwarram Sahib)";"./Lyrics/Mela Sahib 131 (Amar Shahid Sant Kanwarram Sahib)/Halo Halanda Halo Sab Premi.jpg";"36"
"Har Dil Aziz Aahe";"132 Sala Jashan e Melo";"./Lyrics/132 Sala Jashan e Melo/Har Dil Aziz Aahe.jpg";"54"
"Har Shubh Kam Khan Pahiryan Sacho Satram Chawando Kar";"Hik Sacho Sain Huje Razi Poye Khatbi Ta Har Bazi";"./Lyrics/Hik Sacho Sain Huje Razi Poye Khatbi Ta Har Bazi/Har Shubh Kam Khan Pahiryan Sacho Satram Chawando Kar.jpg";"40"
"Hath Jode Kayun Ardas Paya Jhale Jhol Sain Tokhe Sadra Kaya";"Hik Sacho Sain Huje Razi Poye Khatbi Ta Har Bazi";"./Lyrics/Hik Sacho Sain Huje Razi Poye Khatbi Ta Har Bazi/Hath Jode Kayun Ardas Paya Jhale Jhol Sain Tokhe Sadra Kaya.jpg";"28"
"Hi Garho Cholo Nane";"Bhajans 2016-I";"./Lyrics/Bhajans 2016-I/Hi Garho Cholo Nane.jpg";"37"
"Hik Sacho Sain Huje Razi Poye Khatbi Ta Har Bazi";"Hik Sacho Sain Huje Razi Poye Khatbi Ta Har Bazi";"./Lyrics/Hik Sacho Sain Huje Razi Poye Khatbi Ta Har Bazi/Hik Sacho Sain Huje Razi Poye Khatbi Ta Har Bazi.jpg";"36"
"Hikdi Dewari Raharki Me Satram Ji Aahe";"Dulho Sabhin Ja Thahindo Naseeb Aa";"./Lyrics/Dulho Sabhin Ja Thahindo Naseeb Aa/Hikdi Dewari Raharki Me Satram Ji Aahe.jpg";"8"
"Hikdo Dhani Jo Biyo Aa Tuhinjo Aasro";"150 Saal Sache Sain De Naal";"./Lyrics/150 Saal Sache Sain De Naal/Hikdo Dhani Jo Biyo Aa Tuhinjo Aasro.jpg";"45"
"Hiran Khan Aa Mahango";"150 Saal Sache Sain De Naal";"./Lyrics/150 Saal Sache Sain De Naal/Hiran Khan Aa Mahango.jpg";"41"
"Ihe Mela Naseeban Ja Athayi Mela Sache Sain Ja";"Ihe Mela Naseeban Ja Athayi Mela Sache Sain Ja";"./Lyrics/Ihe Mela Naseeban Ja Athayi Mela Sache Sain Ja/Ihe Mela Naseeban Ja Athayi Mela Sache Sain Ja.JPG";"21"
"Itha Mauj Lage Subuh Sham E Raharki Nane Di";"Dhuni Satram Ji Padho Aa Warsi Nane Sain ji Aayi";"./Lyrics/Dhuni Satram Ji Padho Aa Warsi Nane Sain ji Aayi/Itha Mauj Lage Subuh Sham E Raharki Nane Di.jpg";"9"
"Jade Kade Wah Wah Thi Vane";"Bhajans 2016-I";"./Lyrics/Bhajans 2016-I/Jade Kade Wah Wah Thi Vane.jpg";"21"
"Jag Ghumeya Thare Jaisa Na Koi";"Bhajans 2016-I";"./Lyrics/Bhajans 2016-I/Jag Ghumeya Thare Jaisa Na Koi.jpg";"32"
"Jag Me Kanwarram Khati Aa Wayo";"Bhajans 2016-I";"./Lyrics/Bhajans 2016-I/Jag Me Kanwarram Khati Aa Wayo.jpg";"21"
"Jahedo Suhino Sacho Satram Aahe";"Dhuni Satram Ji Padho Aa Warsi Nane Sain ji Aayi";"./Lyrics/Dhuni Satram Ji Padho Aa Warsi Nane Sain ji Aayi/Jahedo Suhino Sacho Satram Aahe.jpg";"15"
"Jahinjo Guru Satram Tahinte Maher Aa Jaam";"132 Sala Jashan e Melo";"./Lyrics/132 Sala Jashan e Melo/Jahinjo Guru Satram Tahinte Maher Aa Jaam.jpg";"53"
"Jahinkhe Nane Kayo Aabad Uho Hath Mathe Kare";"Jahinkhe Nane Kayo Aabad Uho Hath Mathe Kare";"./Lyrics/Jahinkhe Nane Kayo Aabad Uho Hath Mathe Kare/Jahinkhe Nane Kayo Aabad Uho Hath Mathe Kare.jpg";"65"
"Jan Kayi Aa Shewa Dar Ji";"Mela Sahib 131 (Amar Shahid Sant Kanwarram Sahib)";"./Lyrics/Mela Sahib 131 (Amar Shahid Sant Kanwarram Sahib)/Jan Kayi Aa Shewa Dar Ji.jpg";"24"
"Jarwar Main Janam Thi Wayo Sham Jo";"Bhagwan Rahta Raharki Me";"./Lyrics/Bhagwan Rahta Raharki Me/Jarwar Main Janam Thi Wayo Sham Jo.jpg";"26"
"Jaunga Ban Ke Jogi Satram Ki Gali Me";"Dulho Sabhin Ja Thahindo Naseeb Aa";"./Lyrics/Dulho Sabhin Ja Thahindo Naseeb Aa/Jaunga Ban Ke Jogi Satram Ki Gali Me.jpg";"8"
"Jeko Dulhe Jo Gulam";"150 Saal Sache Sain De Naal";"./Lyrics/150 Saal Sache Sain De Naal/Jeko Dulhe Jo Gulam.jpg";"37"
"Jeko Nane Jo Gulam Uho Nachi Dekhare";"Mela Sahib 131 (Amar Shahid Sant Kanwarram Sahib)";"./Lyrics/Mela Sahib 131 (Amar Shahid Sant Kanwarram Sahib)/Jeko Nane Jo Gulam Uho Nachi Dekhare.jpg";"75"
"Jhume Thi Sari Nane Ji Raharki";"Mela Sahib 131 (Amar Shahid Sant Kanwarram Sahib)";"./Lyrics/Mela Sahib 131 (Amar Shahid Sant Kanwarram Sahib)/Jhume Thi Sari Nane Ji Raharki.jpg";"26"
"Jiye Dulho Jiye Dulho Chawanda Rahanda Se";"Hik Sacho Sain Huje Razi Poye Khatbi Ta Har Bazi";"./Lyrics/Hik Sacho Sain Huje Razi Poye Khatbi Ta Har Bazi/Jiye Dulho Jiye Dulho Chawanda Rahanda Se.jpg";"8"
"Jiye Dulho Nare Dulho Nara Tej Lagayo";"Satram Naam Ko Sathi Banalo";"./Lyrics/Satram Naam Ko Sathi Banalo/Jiye Dulho Nare Dulho Nara Tej Lagayo.jpg";"30"
"Kahedi Tarif Kayan Tuhinji O Sacha Satram Par Upkari";"Dhuni Satram Ji Padho Aa Warsi Nane Sain ji Aayi";"./Lyrics/Dhuni Satram Ji Padho Aa Warsi Nane Sain ji Aayi/Kahedi Tarif Kayan Tuhinji O Sacha Satram Par Upkari.jpg";"14"
"Kanwarram Tuhinja Piya Laganda Hi Nara";"Bhagwan Rahta Raharki Me";"./Lyrics/Bhagwan Rahta Raharki Me/Kanwarram Tuhinja Piya Laganda Hi Nara.jpg";"23"
"Kanwarram Tuhinji Boli";"132 Sala Jashan e Melo-II";"./Lyrics/132 Sala Jashan e Melo-II/Kanwarram Tuhinji Boli.jpg";"45"
"Kanwarram Tuhinji Boli 1";"132 Sala Jashan e Melo";"./Lyrics/132 Sala Jashan e Melo/Kanwarram Tuhinji Boli 1.jpg";"47"
"Kar Dewari Ware Khe Yad Thindi Tunji Bhali Bhali";"Bhajans 2016-I";"./Lyrics/Bhajans 2016-I/Kar Dewari Ware Khe Yad Thindi Tunji Bhali Bhali.jpg";"33"
"Kar Shewa Raharki Ji Shewa";"Bhagwan Rahta Raharki Me";"./Lyrics/Bhagwan Rahta Raharki Me/Kar Shewa Raharki Ji Shewa.jpg";"35"
"Kar Tu Shewa Milandai Mewa";"Dulho Sabhin Ja Thahindo Naseeb Aa";"./Lyrics/Dulho Sabhin Ja Thahindo Naseeb Aa/Kar Tu Shewa Milandai Mewa.jpg";"7"
"Kardo Sain Karam Mera Har Ek Janam";"Mela Sahib 131 (Amar Shahid Sant Kanwarram Sahib)";"./Lyrics/Mela Sahib 131 (Amar Shahid Sant Kanwarram Sahib)/Kardo Sain Karam Mera Har Ek Janam.jpg";"18"
"Khulyal Aa Hat Muhinje Sache Satram Jo";"Bhajans 2016-II";"./Lyrics/Bhajans 2016-II/Khulyal Aa Hat Muhinje Sache Satram Jo.jpg";"22"
"Kiyen Nachando Huyen Kiyen Tapando Huyen";"Miscellaneous";"./Lyrics/Miscellaneous/Kiyen Nachando Huyen Kiyen Tapando Huyen.jpg";"38"
"Koi Ram Tho Chawe Koi Sham Tho Chawe";"Miscellaneous";"./Lyrics/Miscellaneous/Koi Ram Tho Chawe Koi Sham Tho Chawe.jpg";"50"
"Kosa Kohar Khani Halyo Bhag Khulya Sain Kanwarram Ja";"Miscellaneous";"./Lyrics/Miscellaneous/Kosa Kohar Khani Halyo Bhag Khulya Sain Kanwarram Ja.jpg";"68"
"Lal Mera Lajpal Hai Dulha Satgur Lal Mera";"Hal Premi Hal Mele Te Tu Hal Suhine Sain Kanwarram Je";"./Lyrics/Hal Premi Hal Mele Te Tu Hal Suhine Sain Kanwarram Je/Lal Mera Lajpal Hai Dulha Satgur Lal Mera.jpg";"6"
"Lal Sakhi Lajpal Sakhi";"Bhar Do Jholi Meri Raharki Wale";"./Lyrics/Bhar Do Jholi Meri Raharki Wale/Lal Sakhi Lajpal Sakhi.jpg";"36"
"Lyrics";"Album";"Location";"0"
"Ma Bhi Ta Laal Thi Wayum";"Satram Naam Ko Sathi Banalo";"./Lyrics/Satram Naam Ko Sathi Banalo/Ma Bhi Ta Laal Thi Wayum.jpg";"29"
"Main Sache Sain De Lad Lagiyan Mere To Gum Pare Rahende";"Main Sache Sain De Lad Lagiyan Mere To Gum Pare Rahende";"./Lyrics/Main Sache Sain De Lad Lagiyan Mere To Gum Pare Rahende/Main Sache Sain De Lad Lagiyan Mere To Gum Pare Rahende.jpg";"45"
"Main Tere Dar Pe Aaya Tu Kar De Sain Bhalayi";"Hal Premi Hal Mele Te Tu Hal Suhine Sain Kanwarram Je";"./Lyrics/Hal Premi Hal Mele Te Tu Hal Suhine Sain Kanwarram Je/Main Tere Dar Pe Aaya Tu Kar De Sain Bhalayi.jpg";"6"
"Man Me Tu Rakh Wasaye";"Miscellaneous";"./Lyrics/Miscellaneous/Man Me Tu Rakh Wasaye.jpg";"46"
"Man Me Wase Tho Satram Pyaro";"150 Saal Sache Sain De Naal";"./Lyrics/150 Saal Sache Sain De Naal/Man Me Wase Tho Satram Pyaro.jpg";"34"
"Mast Aa Darwesh Dulho Mast Aa";"Wah Wah Nana Tuhinja Khazana";"./Lyrics/Wah Wah Nana Tuhinja Khazana/Mast Aa Darwesh Dulho Mast Aa.jpg";"14"
"Mast Rahan Tho Rahan Tho Sain Tuhinje Pyar Me";"Asan Jiyara Jesin Rahandase Tuhinji Raharki Kon Chhadindase";"./Lyrics/Asan Jiyara Jesin Rahandase Tuhinji Raharki Kon Chhadindase/Mast Rahan Tho Rahan Tho Sain Tuhinje Pyar Me.jpg";"23"
"Mast Sakhi Dulho Darwesh Dani Aahe";"Main Sache Sain De Lad Lagiyan Mere To Gum Pare Rahende";"./Lyrics/Main Sache Sain De Lad Lagiyan Mere To Gum Pare Rahende/Mast Sakhi Dulho Darwesh Dani Aahe.jpg";"32"
"Mele Sahib Me Aaya Premi Premin Khe Lakh Lakh Vadhayun";"150 Saal Sache Sain De Naal-II";"./Lyrics/150 Saal Sache Sain De Naal-II/Mele Sahib Me Aaya Premi Premin Khe Lakh Lakh Vadhayun.jpg";"63"
"Melo Aayo Ram Jo Sain Kanwarram Jo";"Mela Sahib 131 (Amar Shahid Sant Kanwarram Sahib)";"./Lyrics/Mela Sahib 131 (Amar Shahid Sant Kanwarram Sahib)/Melo Aayo Ram Jo Sain Kanwarram Jo.jpg";"18"
"Mere Tan Man Me Hai Waheguru";"Bhagwan Rahta Raharki Me";"./Lyrics/Bhagwan Rahta Raharki Me/Mere Tan Man Me Hai Waheguru.jpg";"21"
"Mila Hai Aisa Dham Bade Naseebo se";"Bhajans 2016-II";"./Lyrics/Bhajans 2016-II/Mila Hai Aisa Dham Bade Naseebo se.jpg";"28"
"Mithyun Bolyun";"Bhagwan Rahta Raharki Me";"./Lyrics/Bhagwan Rahta Raharki Me/Mithyun Bolyun.jpg";"22"
"Moti Aa O Peerin Jarwarn Ja Munkhe Tuhinji Kami Mahesus Thi The";"Bhajans 2017-III";"./Lyrics/Bhajans 2017-III/Moti Aa O Peerin Jarwarn Ja Munkhe Tuhinji Kami Mahesus Thi The.jpg";"40"
"Muhinje Sain Sache Satram Khe Garho Cholo Pyaro Lage";"Main Sache Sain De Lad Lagiyan Mere To Gum Pare Rahende";"./Lyrics/Main Sache Sain De Lad Lagiyan Mere To Gum Pare Rahende/Muhinje Sain Sache Satram Khe Garho Cholo Pyaro Lage.jpg";"48"
"Mujhko Satram Hi Satram Nazar Aate Hai";"Mujhko Satram Hi Satram Nazar Aate Hai";"./Lyrics/Mujhko Satram Hi Satram Nazar Aate Hai/Mujhko Satram Hi Satram Nazar Aate Hai.jpg";"13"
"Munkhe Kahedi Aahe Parwah";"132 Sala Jashan e Melo";"./Lyrics/132 Sala Jashan e Melo/Munkhe Kahedi Aahe Parwah.jpg";"65"
"Munsa Gad Aa Sada Satguru Satguru";"Ihe Mela Naseeban Ja Athayi Mela Sache Sain Ja";"./Lyrics/Ihe Mela Naseeban Ja Athayi Mela Sache Sain Ja/Munsa Gad Aa Sada Satguru Satguru.jpg";"15"
"My God My Sain My Love My Sain";"Mela Sahib 131 (Amar Shahid Sant Kanwarram Sahib)";"./Lyrics/Mela Sahib 131 (Amar Shahid Sant Kanwarram Sahib)/My God My Sain My Love My Sain.jpg";"24"
"Na Mirpur Ubauro";"Satram Naam Ko Sathi Banalo";"./Lyrics/Satram Naam Ko Sathi Banalo/Na Mirpur Ubauro.jpg";"23"
"Naalo Jape Satram Dulhe Sain Manzil Mani Aa";"Dulho Sabhin Ja Thahindo Naseeb Aa";"./Lyrics/Dulho Sabhin Ja Thahindo Naseeb Aa/Naalo Jape Satram Dulhe Sain Manzil Mani Aa.jpg";"7"
"Naam Ratan Dhan Payo";"Hal Premi Hal Mele Te Tu Hal Suhine Sain Kanwarram Je";"./Lyrics/Hal Premi Hal Mele Te Tu Hal Suhine Sain Kanwarram Je/Naam Ratan Dhan Payo.jpg";"6"
"Nale Alakh Je Bedo Taar Muhinjo";"Nale Alakh Je Bedo Taar Muhinjo (Sain Kanwarram Sahib)";"./Lyrics/Nale Alakh Je Bedo Taar Muhinjo (Sain Kanwarram Sahib)/Nale Alakh Je Bedo Taar Muhinjo.jpg";"70"
"Nane Ju Warsyun Lagan";"Bhajans 2017-I";"./Lyrics/Bhajans 2017-I/Nane Ju Warsyun Lagan.jpg";"27"
"Nane Ke Dar Pe Mauja Hi Mauja";"Nane Ke Dar Pe Mauja Hi Mauja";"./Lyrics/Nane Ke Dar Pe Mauja Hi Mauja/Nane Ke Dar Pe Mauja Hi Mauja.jpg";"35"
"Nano Ghot Aa Kahedi Khot Aa";"150 Saal Sache Sain De Naal-II";"./Lyrics/150 Saal Sache Sain De Naal-II/Nano Ghot Aa Kahedi Khot Aa.jpg";"33"
"Nare Nare Dulho Jiye Jiye Dulho";"Bhajans 2016-I";"./Lyrics/Bhajans 2016-I/Nare Nare Dulho Jiye Jiye Dulho.jpg";"25"
"Nem Sahib (Badi Aarti) 01";"Nem Sahib (Badi Aarti)";"./Lyrics/Nem Sahib (Badi Aarti)/Nem Sahib (Badi Aarti) 01.jpg";"23"
"Nem Sahib (Badi Aarti) 02";"Nem Sahib (Badi Aarti)";"./Lyrics/Nem Sahib (Badi Aarti)/Nem Sahib (Badi Aarti) 02.jpg";"21"
"Nem Sahib (Badi Aarti) 03";"Nem Sahib (Badi Aarti)";"./Lyrics/Nem Sahib (Badi Aarti)/Nem Sahib (Badi Aarti) 03.jpg";"22"
"Nem Sahib (Badi Aarti) 04";"Nem Sahib (Badi Aarti)";"./Lyrics/Nem Sahib (Badi Aarti)/Nem Sahib (Badi Aarti) 04.jpg";"19"
"Nem Sahib (Badi Aarti) 05";"Nem Sahib (Badi Aarti)";"./Lyrics/Nem Sahib (Badi Aarti)/Nem Sahib (Badi Aarti) 05.jpg";"25"
"Nem Sahib (Badi Aarti) 06";"Nem Sahib (Badi Aarti)";"./Lyrics/Nem Sahib (Badi Aarti)/Nem Sahib (Badi Aarti) 06.jpg";"16"
"Nem Sahib (Badi Aarti) 07";"Nem Sahib (Badi Aarti)";"./Lyrics/Nem Sahib (Badi Aarti)/Nem Sahib (Badi Aarti) 07.jpg";"16"
"Nem Sahib (Badi Aarti) 08";"Nem Sahib (Badi Aarti)";"./Lyrics/Nem Sahib (Badi Aarti)/Nem Sahib (Badi Aarti) 08.jpg";"16"
"Nem Sahib (Badi Aarti) Hindi 01";"Nem Sahib (Badi Aarti) Hindi";"./Lyrics/Nem Sahib (Badi Aarti) Hindi/Nem Sahib (Badi Aarti) Hindi 01.jpg";"18"
"Nem Sahib (Badi Aarti) Hindi 02";"Nem Sahib (Badi Aarti) Hindi";"./Lyrics/Nem Sahib (Badi Aarti) Hindi/Nem Sahib (Badi Aarti) Hindi 02.jpg";"15"
"Nem Sahib (Badi Aarti) Hindi 03";"Nem Sahib (Badi Aarti) Hindi";"./Lyrics/Nem Sahib (Badi Aarti) Hindi/Nem Sahib (Badi Aarti) Hindi 03.jpg";"19"
"Nem Sahib (Badi Aarti) Hindi 04";"Nem Sahib (Badi Aarti) Hindi";"./Lyrics/Nem Sahib (Badi Aarti) Hindi/Nem Sahib (Badi Aarti) Hindi 04.jpg";"20"
"Nem Sahib (Badi Aarti) Hindi 05";"Nem Sahib (Badi Aarti) Hindi";"./Lyrics/Nem Sahib (Badi Aarti) Hindi/Nem Sahib (Badi Aarti) Hindi 05.jpg";"19"
"Nem Sahib (Badi Aarti) Hindi 06";"Nem Sahib (Badi Aarti) Hindi";"./Lyrics/Nem Sahib (Badi Aarti) Hindi/Nem Sahib (Badi Aarti) Hindi 06.jpg";"15"
"Nem Sahib (Badi Aarti) Hindi 07";"Nem Sahib (Badi Aarti) Hindi";"./Lyrics/Nem Sahib (Badi Aarti) Hindi/Nem Sahib (Badi Aarti) Hindi 07.jpg";"15"
"Nem Sahib (Badi Aarti) Hindi 08";"Nem Sahib (Badi Aarti) Hindi";"./Lyrics/Nem Sahib (Badi Aarti) Hindi/Nem Sahib (Badi Aarti) Hindi 08.jpg";"16"
"Nem Sahib (Badi Aarti).pdf";"Nem Sahib (Badi Aarti) (pdf)";"./Lyrics/Nem Sahib (Badi Aarti) (pdf)";"0"
"O Driver Gaddi Nu Tej Chala";"Sain O Sain Tu Muhinjo Ma Tuhinjo";"./Lyrics/Sain O Sain Tu Muhinjo Ma Tuhinjo/O Driver Gaddi Nu Tej Chala.jpg";"25"
"Paye Lal Garha Chola";"Main Sache Sain De Lad Lagiyan Mere To Gum Pare Rahende";"./Lyrics/Main Sache Sain De Lad Lagiyan Mere To Gum Pare Rahende/Paye Lal Garha Chola.jpg";"16"
"Payo Bedo Asanjo Tare Gam Khan Pare Sache Satram Je Kare";"Bhajans 2016-II";"./Lyrics/Bhajans 2016-II/Payo Bedo Asanjo Tare Gam Khan Pare Sache Satram Je Kare.jpg";"30"
"Pili Pagdi Garho Cholo Ves Patal Sadgi Sadgi";"132 Sala Jashan e Melo-II";"./Lyrics/132 Sala Jashan e Melo-II/Pili Pagdi Garho Cholo Ves Patal Sadgi Sadgi.jpg";"39"
"Putr Peau Khan Bezar";"Satram Naam Ko Sathi Banalo";"./Lyrics/Satram Naam Ko Sathi Banalo/Putr Peau Khan Bezar.jpg";"24"
"Raatyun Me Ratrani Sai Wispat Suhani Aa";"Hal Premi Hal Mele Te Tu Hal Suhine Sain Kanwarram Je";"./Lyrics/Hal Premi Hal Mele Te Tu Hal Suhine Sain Kanwarram Je/Raatyun Me Ratrani Sai Wispat Suhani Aa.jpg";"6"
"Raharki Je Shewadarin Khe Khub Disa Piyo Vadhande";"Sain O Sain Tu Muhinjo Ma Tuhinjo";"./Lyrics/Sain O Sain Tu Muhinjo Ma Tuhinjo/Raharki Je Shewadarin Khe Khub Disa Piyo Vadhande.jpg";"54"
"Raharki Ji Mitti Mul Son Aahe";"Bhajans 2016-II";"./Lyrics/Bhajans 2016-II/Raharki Ji Mitti Mul Son Aahe.jpg";"26"
"Raharki Ji Shewa Kamaendam";"Miscellaneous";"./Lyrics/Miscellaneous/Raharki Ji Shewa Kamaendam.jpg";"26"
"Raharki Jo Ditho Dwaro Visri Vayo Sansar Aa";"Bhajans 2017-III";"./Lyrics/Bhajans 2017-III/Raharki Jo Ditho Dwaro Visri Vayo Sansar Aa.jpg";"28"
"Raharki Jo Ram Aayo Sain Sadhram Aayo";"Bhajans 2017-I";"./Lyrics/Bhajans 2017-I/Raharki Jo Ram Aayo Sain Sadhram Aayo.jpg";"28"
"Raharki Ke Shahzadon Ne Sab Ko Bulaya Hai";"150 Saal Sache Sain De Naal-II";"./Lyrics/150 Saal Sache Sain De Naal-II/Raharki Ke Shahzadon Ne Sab Ko Bulaya Hai.jpg";"35"
"Raharki Me Rana Tuhinjo Aasthan";"Bhajans 2017-III";"./Lyrics/Bhajans 2017-III/Raharki Me Rana Tuhinjo Aasthan.jpg";"28"
"Raharki Tuhinji Pyari Aa Sacha Sain Bhagan Wari Aa";"Tuhinja Aahyun Tuhinjo Dar Kiyen Chhade Sain Vendase";"./Lyrics/Tuhinja Aahyun Tuhinjo Dar Kiyen Chhade Sain Vendase/Raharki Tuhinji Pyari Aa Sacha Sain Bhagan Wari Aa.jpg";"49"
"Raharki Wale Tera Shukriya";"Bhajans 2016-I";"./Lyrics/Bhajans 2016-I/Raharki Wale Tera Shukriya.jpg";"37"
"Raharki Wara Satram Sain Jhol Muhinji Tu Sai Kar";"Sain O Sain Tu Muhinjo Ma Tuhinjo";"./Lyrics/Sain O Sain Tu Muhinjo Ma Tuhinjo/Raharki Wara Satram Sain Jhol Muhinji Tu Sai Kar.jpg";"50"
"Raharki Waro Sain Jiye";"Mela Sahib 131 (Amar Shahid Sant Kanwarram Sahib)";"./Lyrics/Mela Sahib 131 (Amar Shahid Sant Kanwarram Sahib)/Raharki Waro Sain Jiye.jpg";"19"
"Raharki Woh Jayega Jise Satram Bulaye Ga";"Wah Wah Nana Tuhinja Khazana";"./Lyrics/Wah Wah Nana Tuhinja Khazana/Raharki Woh Jayega Jise Satram Bulaye Ga.jpg";"17"
"Rakhi Sir Te Hath Bedo Paar Kayuyi";"Bhajans 2017-III";"./Lyrics/Bhajans 2017-III/Rakhi Sir Te Hath Bedo Paar Kayuyi.jpg";"21"
"Ram Naam Bolo Satram Naam Bolo";"Hal Premi Hal Mele Te Tu Hal Suhine Sain Kanwarram Je";"./Lyrics/Hal Premi Hal Mele Te Tu Hal Suhine Sain Kanwarram Je/Ram Naam Bolo Satram Naam Bolo.jpg";"6"
"Rang De Rang De Sain Mohe";"Tuhinja Aahyun Tuhinjo Dar Kiyen Chhade Sain Vendase";"./Lyrics/Tuhinja Aahyun Tuhinjo Dar Kiyen Chhade Sain Vendase/Rang De Rang De Sain Mohe.jpg";"18"
"Rang Raharki Ja Wah Wah Sant Raharki Ja";"Bhajans 2017-II";"./Lyrics/Bhajans 2017-II/Rang Raharki Ja Wah Wah Sant Raharki Ja.jpg";"20"
"Sab Khan Suhino Aahe Sab Khan Mithro Naam Aahe Sain Sacho Satram";"Dhuni Satram Ji Padho Aa Warsi Nane Sain ji Aayi";"./Lyrics/Dhuni Satram Ji Padho Aa Warsi Nane Sain ji Aayi/Sab Khan Suhino Aahe Sab Khan Mithro Naam Aahe Sain Sacho Satram.jpg";"15"
"Sacha Satram Maher Kayo";"Asan Jiyara Jesin Rahandase Tuhinji Raharki Kon Chhadindase";"./Lyrics/Asan Jiyara Jesin Rahandase Tuhinji Raharki Kon Chhadindase/Sacha Satram Maher Kayo.jpg";"31"
"Sacha Satram Mere Sang Sang";"Tuhinja Aahyun Tuhinjo Dar Kiyen Chhade Sain Vendase";"./Lyrics/Tuhinja Aahyun Tuhinjo Dar Kiyen Chhade Sain Vendase/Sacha Satram Mere Sang Sang.jpg";"22"
"Sache Sain Aa Dino Pyara Garho Cholo";"Tuhinja Aahyun Tuhinjo Dar Kiyen Chhade Sain Vendase";"./Lyrics/Tuhinja Aahyun Tuhinjo Dar Kiyen Chhade Sain Vendase/Sache Sain Aa Dino Pyara Garho Cholo.jpg";"49"
"Sache Sain Jo Paye Pyar Asan Mala Mal Thi Viya Aahyun";"Wah Wah Nana Tuhinja Khazana";"./Lyrics/Wah Wah Nana Tuhinja Khazana/Sache Sain Jo Paye Pyar Asan Mala Mal Thi Viya Aahyun.jpg";"17"
"Sache Sain Sa Mohabbat";"Suhino Lage Tho Muhinjo Ram Garhe Chole Me";"./Lyrics/Suhino Lage Tho Muhinjo Ram Garhe Chole Me/Sache Sain Sa Mohabbat.jpg";"29"
"Sache Satram Je Sache Simran Sa";"Hal Premi Hal Mele Te Tu Hal Suhine Sain Kanwarram Je";"./Lyrics/Hal Premi Hal Mele Te Tu Hal Suhine Sain Kanwarram Je/Sache Satram Je Sache Simran Sa.jpg";"6"
"Sachi Raharki Jo Sacho Shaan Aa";"Wah Wah Nana Tuhinja Khazana";"./Lyrics/Wah Wah Nana Tuhinja Khazana/Sachi Raharki Jo Sacho Shaan Aa.jpg";"23"
"Sachi Raharki Sachi Dharti Sacho Satram Vadi Hasti";"Bhajans 2017-I";"./Lyrics/Bhajans 2017-I/Sachi Raharki Sachi Dharti Sacho Satram Vadi Hasti.jpg";"58"
"Sacho Ram Aa Sham Aa Ram Aahe Sain Sacho Satram";"Main Sache Sain De Lad Lagiyan Mere To Gum Pare Rahende";"./Lyrics/Main Sache Sain De Lad Lagiyan Mere To Gum Pare Rahende/Sacho Ram Aa Sham Aa Ram Aahe Sain Sacho Satram.jpg";"13"
"Sacho Satram Hikdo Aa";"Mela Sahib 131 (Amar Shahid Sant Kanwarram Sahib)";"./Lyrics/Mela Sahib 131 (Amar Shahid Sant Kanwarram Sahib)/Sacho Satram Hikdo Aa.jpg";"19"
"Sai Wispat Ji Aa Raat Hal Halun Raharki Ada";"Hik Sacho Sain Huje Razi Poye Khatbi Ta Har Bazi";"./Lyrics/Hik Sacho Sain Huje Razi Poye Khatbi Ta Har Bazi/Sai Wispat Ji Aa Raat Hal Halun Raharki Ada.jpg";"17"
"Sain Mere Aa Mere Aa";"132 Sala Jashan e Melo-II";"./Lyrics/132 Sala Jashan e Melo-II/Sain Mere Aa Mere Aa.jpg";"45"
"Sain O Sain Tu Muhinjo Ma Tuhinjo";"Sain O Sain Tu Muhinjo Ma Tuhinjo";"./Lyrics/Sain O Sain Tu Muhinjo Ma Tuhinjo/Sain O Sain Tu Muhinjo Ma Tuhinjo.jpg";"59"
"Sain Sacha Satram Tuhinja Ma Geet Gayan";"Dhuni Satram Ji Padho Aa Warsi Nane Sain ji Aayi";"./Lyrics/Dhuni Satram Ji Padho Aa Warsi Nane Sain ji Aayi/Sain Sacha Satram Tuhinja Ma Geet Gayan.jpg";"14"
"Sain Sache Satram Je Dar Mauja Hi Mauja Machandyun";"150 Saal Sache Sain De Naal-II";"./Lyrics/150 Saal Sache Sain De Naal-II/Sain Sache Satram Je Dar Mauja Hi Mauja Machandyun.jpg";"52"
"Sain Sache Satram Ji Mahima Aahe Wadi Ayen Aahe Sachi";"Tuhinja Aahyun Tuhinjo Dar Kiyen Chhade Sain Vendase";"./Lyrics/Tuhinja Aahyun Tuhinjo Dar Kiyen Chhade Sain Vendase/Sain Sache Satram Ji Mahima Aahe Wadi Ayen Aahe Sachi.jpg";"27"
"Sain Sache Satram Ji Shaal Sab Te Nazar Huje";"Miscellaneous";"./Lyrics/Miscellaneous/Sain Sache Satram Ji Shaal Sab Te Nazar Huje.jpg";"24"
"Sain Satram Das Piyara O Nana Tuhinji Raharki Wase";"Main Sache Sain De Lad Lagiyan Mere To Gum Pare Rahende";"./Lyrics/Main Sache Sain De Lad Lagiyan Mere To Gum Pare Rahende/Sain Satram Das Piyara O Nana Tuhinji Raharki Wase.jpg";"37"
"Sain Tu Sain Muhinje Sir Jo Aa Sain";"Mela Sahib 131 (Amar Shahid Sant Kanwarram Sahib)";"./Lyrics/Mela Sahib 131 (Amar Shahid Sant Kanwarram Sahib)/Sain Tu Sain Muhinje Sir Jo Aa Sain.jpg";"61"
"Sain Tune Jeewan Me Jeena Sikha Diya";"Wah Wah Nana Tuhinja Khazana";"./Lyrics/Wah Wah Nana Tuhinja Khazana/Sain Tune Jeewan Me Jeena Sikha Diya.jpg";"17"
"Satram Chalisa (Hindi) 00";"Satram Chalisa (Hindi)";"./Lyrics/Satram Chalisa (Hindi)/Satram Chalisa (Hindi) 00.jpg";"37"
"Satram Chalisa (Hindi) 01";"Satram Chalisa (Hindi)";"./Lyrics/Satram Chalisa (Hindi)/Satram Chalisa (Hindi) 01.jpg";"14"
"Satram Chalisa (Hindi) 02";"Satram Chalisa (Hindi)";"./Lyrics/Satram Chalisa (Hindi)/Satram Chalisa (Hindi) 02.jpg";"12"
"Satram Chalisa (Hindi) 03";"Satram Chalisa (Hindi)";"./Lyrics/Satram Chalisa (Hindi)/Satram Chalisa (Hindi) 03.jpg";"12"
"Satram Chalisa (Hindi) 04";"Satram Chalisa (Hindi)";"./Lyrics/Satram Chalisa (Hindi)/Satram Chalisa (Hindi) 04.jpg";"12"
"Satram Chalisa (Hindi) 05";"Satram Chalisa (Hindi)";"./Lyrics/Satram Chalisa (Hindi)/Satram Chalisa (Hindi) 05.jpg";"10"
"Satram Chalisa (Hindi) 06";"Satram Chalisa (Hindi)";"./Lyrics/Satram Chalisa (Hindi)/Satram Chalisa (Hindi) 06.jpg";"11"
"Satram Chalisa (Hindi) 07";"Satram Chalisa (Hindi)";"./Lyrics/Satram Chalisa (Hindi)/Satram Chalisa (Hindi) 07.jpg";"11"
"Satram Chalisa (Hindi) 08";"Satram Chalisa (Hindi)";"./Lyrics/Satram Chalisa (Hindi)/Satram Chalisa (Hindi) 08.jpg";"11"
"Satram Chalisa 00";"Satram Chalisa";"./Lyrics/Satram Chalisa/Satram Chalisa 00.jpg";"21"
"Satram Chalisa 01";"Satram Chalisa";"./Lyrics/Satram Chalisa/Satram Chalisa 01.jpg";"27"
"Satram Chalisa 02";"Satram Chalisa";"./Lyrics/Satram Chalisa/Satram Chalisa 02.jpg";"20"
"Satram Chalisa 03";"Satram Chalisa";"./Lyrics/Satram Chalisa/Satram Chalisa 03.jpg";"18"
"Satram Chalisa 04";"Satram Chalisa";"./Lyrics/Satram Chalisa/Satram Chalisa 04.jpg";"20"
"Satram Chalisa 05";"Satram Chalisa";"./Lyrics/Satram Chalisa/Satram Chalisa 05.jpg";"14"
"Satram Chalisa 06";"Satram Chalisa";"./Lyrics/Satram Chalisa/Satram Chalisa 06.jpg";"13"
"Satram Chalisa 07";"Satram Chalisa";"./Lyrics/Satram Chalisa/Satram Chalisa 07.jpg";"13"
"Satram Chalisa 08";"Satram Chalisa";"./Lyrics/Satram Chalisa/Satram Chalisa 08.jpg";"14"
"Satram Jo Simran Hi Kate Tho Chaurasi";"Bhajans 2017-II";"./Lyrics/Bhajans 2017-II/Satram Jo Simran Hi Kate Tho Chaurasi.jpg";"25"
"Satram Naam Jap Tu Kanwarram Naam jap Tu";"Dhuni Satram Ji Padho Aa Warsi Nane Sain ji Aayi";"./Lyrics/Dhuni Satram Ji Padho Aa Warsi Nane Sain ji Aayi/Satram Naam Jap Tu Kanwarram Naam jap Tu.jpg";"15"
"Satram Naam Ko Sathi Banalo";"Satram Naam Ko Sathi Banalo";"./Lyrics/Satram Naam Ko Sathi Banalo/Satram Naam Ko Sathi Banalo.jpg";"26"
"Sayi Wispat Ji Raat Aa Sachkhand Ma Aayi Barat Aa";"Bhajans 2016-I";"./Lyrics/Bhajans 2016-I/Sayi Wispat Ji Raat Aa Sachkhand Ma Aayi Barat Aa.jpg";"31"
"Sej Sajayan Gul Chhatayan Sain Aahyahen";"150 Saal Sache Sain De Naal-II";"./Lyrics/150 Saal Sache Sain De Naal-II/Sej Sajayan Gul Chhatayan Sain Aahyahen.jpg";"23"
"Shahar Daharki Me Nane Jo Melo Aayo";"150 Saal Sache Sain De Naal-II";"./Lyrics/150 Saal Sache Sain De Naal-II/Shahar Daharki Me Nane Jo Melo Aayo.jpg";"23"
"Subah Ji Shuruat Sache Sain Je Naam Sa";"132 Sala Jashan e Melo";"./Lyrics/132 Sala Jashan e Melo/Subah Ji Shuruat Sache Sain Je Naam Sa.jpg";"55"
"Suhini Dewari Wara Sain Dayawan Tu Aahin";"Hik Sacho Sain Huje Razi Poye Khatbi Ta Har Bazi";"./Lyrics/Hik Sacho Sain Huje Razi Poye Khatbi Ta Har Bazi/Suhini Dewari Wara Sain Dayawan Tu Aahin.jpg";"35"
"Suhino Aa Suhino Raharki Jo Ram Aa";"Bhajans 2017-III";"./Lyrics/Bhajans 2017-III/Suhino Aa Suhino Raharki Jo Ram Aa.jpg";"26"
"Sukhad Mantra";"Sukhad Mantra";"./Lyrics/Sukhad Mantra/Sukhad Mantra.jpg";"22"
"Sukhad Mantra (Hindi)";"Sukhad Mantra";"./Lyrics/Sukhad Mantra/Sukhad Mantra (Hindi).jpg";"25"
"Surg Sari Aa Diso Raharki Pyari";"Satram Naam Ko Sathi Banalo";"./Lyrics/Satram Naam Ko Sathi Banalo/Surg Sari Aa Diso Raharki Pyari.jpg";"21"
"Tan Man Dhan Aa Tuhinjo Sain Sacha";"Bhajans 2017-II";"./Lyrics/Bhajans 2017-II/Tan Man Dhan Aa Tuhinjo Sain Sacha.jpg";"24"
"Thindo Ker Kanwar Jahedo Dani";"Miscellaneous";"./Lyrics/Miscellaneous/Thindo Ker Kanwar Jahedo Dani.jpg";"29"
"Thiyo Aa Na Thindo Jag Me Kanwar Jehdo";"Raharki Wale Tera Hi Sahara";"./Lyrics/Raharki Wale Tera Hi Sahara/Thiyo Aa Na Thindo Jag Me Kanwar Jehdo.jpg";"32"
"Tu Yaad Kar Guru Khe";"Guru Bina Jag Me Aa Andhkaar";"./Lyrics/Guru Bina Jag Me Aa Andhkaar/Tu Yaad Kar Guru Khe.jpg";"33"
"Tuhinja Aahyun Tuhinjo Dar Kiyen Chhade Sain Vendase";"Tuhinja Aahyun Tuhinjo Dar Kiyen Chhade Sain Vendase";"./Lyrics/Tuhinja Aahyun Tuhinjo Dar Kiyen Chhade Sain Vendase/Tuhinja Aahyun Tuhinjo Dar Kiyen Chhade Sain Vendase.jpg";"65"
"Tuhinja Aahyun Tuhinjo Dar Satram Kon Chhadindase";"150 Saal Sache Sain De Naal";"./Lyrics/150 Saal Sache Sain De Naal/Tuhinja Aahyun Tuhinjo Dar Satram Kon Chhadindase.jpg";"40"
"Tuhinja Shukrana Muhinja Raharki Wara";"Guru Bina Jag Me Aa Andhkaar";"./Lyrics/Guru Bina Jag Me Aa Andhkaar/Tuhinja Shukrana Muhinja Raharki Wara.jpg";"22"
"Tuhinje Charnan Me Aahe Ardas Nana";"Guru Bina Jag Me Aa Andhkaar";"./Lyrics/Guru Bina Jag Me Aa Andhkaar/Tuhinje Charnan Me Aahe Ardas Nana.jpg";"26"
"Tuhinji Dewari Chuman Sain";"SSD Sunny Balani";"./Lyrics/SSD Sunny Balani/Tuhinji Dewari Chuman Sain.jpg";"29"
"Tuhinji Hikdi Nazar Kayo Ahedo Asar";"132 Sala Jashan e Melo-II";"./Lyrics/132 Sala Jashan e Melo-II/Tuhinji Hikdi Nazar Kayo Ahedo Asar.jpg";"65"
"Tuhinji Murak Ta Sadke Vana";"132 Sala Jashan e Melo-II";"./Lyrics/132 Sala Jashan e Melo-II/Tuhinji Murak Ta Sadke Vana.jpg";"36"
"Tuhinji Raharki Disa Tuhinji Dewari Chuma";"Bhajans 2017-III";"./Lyrics/Bhajans 2017-III/Tuhinji Raharki Disa Tuhinji Dewari Chuma.jpg";"25"
"Tuhinji Raharki Me Mauj Aa Sain";"SSD Sunny Balani";"./Lyrics/SSD Sunny Balani/Tuhinji Raharki Me Mauj Aa Sain.jpg";"14"
"Tuhinji Shahadat Visri Na Sagandi Sain Kanwarram Har Dil Aa Chawandi";"Hik Sacho Sain Huje Razi Poye Khatbi Ta Har Bazi";"./Lyrics/Hik Sacho Sain Huje Razi Poye Khatbi Ta Har Bazi/Tuhinji Shahadat Visri Na Sagandi Sain Kanwarram Har Dil Aa Chawandi.jpg";"19"
"Tuhinjo Sain Muhinjo Sain Hikdo Aahe";"150 Saal Sache Sain De Naal";"./Lyrics/150 Saal Sache Sain De Naal/Tuhinjo Sain Muhinjo Sain Hikdo Aahe.jpg";"41"
"Tumhe Har Khushi Yahan Hasil Hogi";"Tuhinja Aahyun Tuhinjo Dar Kiyen Chhade Sain Vendase";"./Lyrics/Tuhinja Aahyun Tuhinjo Dar Kiyen Chhade Sain Vendase/Tumhe Har Khushi Yahan Hasil Hogi.jpg";"25"
"Vachan Guru Ka Sar Aankho Par";"Satram Naam Ko Sathi Banalo";"./Lyrics/Satram Naam Ko Sathi Banalo/Vachan Guru Ka Sar Aankho Par.jpg";"22"
"Vada Bhag Vara Aahyun Je Sant Ahedo Milyo";"Bhajans 2017-III";"./Lyrics/Bhajans 2017-III/Vada Bhag Vara Aahyun Je Sant Ahedo Milyo.jpg";"22"
"Wah Nana Tuhinja Shukrana";"Dulho Sabhin Ja Thahindo Naseeb Aa";"./Lyrics/Dulho Sabhin Ja Thahindo Naseeb Aa/Wah Nana Tuhinja Shukrana.jpg";"9"
"Wah Wah Nana Tuhinja Khazana";"Wah Wah Nana Tuhinja Khazana";"./Lyrics/Wah Wah Nana Tuhinja Khazana/Wah Wah Nana Tuhinja Khazana.jpg";"28"
"Warsi Aayi Warsi Aayi Nane Sain Ji Warsi Aayi";"Bhajans 2017-I";"./Lyrics/Bhajans 2017-I/Warsi Aayi Warsi Aayi Nane Sain Ji Warsi Aayi.jpg";"26"
"Wase Rahaki Wase Tuhinji Raharki";"Mela Sahib 131 (Amar Shahid Sant Kanwarram Sahib)";"./Lyrics/Mela Sahib 131 (Amar Shahid Sant Kanwarram Sahib)/Wase Rahaki Wase Tuhinji Raharki.jpg";"23"
"Wase Sacho Satram Tho Wase";"Tuhinja Aahyun Tuhinjo Dar Kiyen Chhade Sain Vendase";"./Lyrics/Tuhinja Aahyun Tuhinjo Dar Kiyen Chhade Sain Vendase/Wase Sacho Satram Tho Wase.jpg";"27"
"Wase Shaal Raharki Pyari Wase Shaal Raharki";"Hik Sacho Sain Huje Razi Poye Khatbi Ta Har Bazi";"./Lyrics/Hik Sacho Sain Huje Razi Poye Khatbi Ta Har Bazi/Wase Shaal Raharki Pyari Wase Shaal Raharki.jpg";"16"
"Ye Faqeer Gharana Hai";"Bhajans 2016-II";"./Lyrics/Bhajans 2016-II/Ye Faqeer Gharana Hai.jpg";"40"
"Zindagi Sari Shewa Kayan";"Bhajans 2017-III";"./Lyrics/Bhajans 2017-III/Zindagi Sari Shewa Kayan.jpg";"30"
